date	mono	nuit	profil	rep	classe	vitesse	ennemis	duree	degats	degatsNuit	crit	dpsNuit	dpsCombat	tempsCombat	tues	tuesMissiles	degatsMissiles	survivantsAube	vidage	aNyxessa	nyxDegats	recu	annules	bloques	arcTirs	arcTouches	arcTetes	salveTirs	salveTouches	salveTetes	carreauTirs	carreauTouches	carreauTetes	bouleTirs	bouleDirectes	grandeTirs	grandeDirectes	dagueCoups	dagueDos	dagueFurtif	dagueExecutions	sources	usages	fps	dtJeuMax
2026-10-01 11:10	0	6	moyen	0	paladin	3	30	179.517	3282.723	2222.723	0	18.523	23.37	140.469	26	3	522.277	12	160/126/—	27	2550	1127	0	0	0	0	0	0	0	0	0	0	0	0	0	0	0	0	0	0	0	charge=213.604;epee=3069.119	appui_charge=8;charge=8;appui_epee=102;epee_cibles1=60;epee_vide_mort=11;deblocage=2;epee_cibles2=22;appui_soin=7;soin=7;epee_vide_loin=5;epee_vide_angle=3;epee_cibles3=1	47.022	1
2026-10-01 11:11	0	6	moyen	0	viking	3	30	179.538	3461	2896	0	24.133	33.821	102.333	27	2	344	9	146/107/63*	23	1114	744.2	0	1	0	0	0	0	0	0	0	0	0	0	0	0	0	0	0	0	0	hache=1425;tournante=1879;saut=157	appui_hache=36;appui_rugissement=6;rugissement=6;appui_tournante=5;tournante=6;deblocage=2;appui_saut=3;saut=3	42.058	0.121
2026-10-01 11:12	0	6	moyen	0	mage	3	30	179.509	3443	2852	0	23.767	32.996	104.345	28	1	362	6	96/60/51*	15	584	448	0	1	0	0	0	0	0	0	0	0	0	99	66	4	4	0	0	0	0	boule=2039;brulure=834;grande_boule=570	appui_boule=99;appui_grande_boule=4;grande_boule=4;appui_mur=1;mur=1	49.251	0.098
2026-10-01 11:13	0	6	moyen	0	rodeur	3	30	179.524	3388.84	2610.985	1640.994	21.758	28.262	119.91	25	4	416.16	10	140/77/58*	18	848	482	0	1	74	64	35	50	13	0	0	0	0	0	0	0	0	0	0	0	0	arc=2449.329;salve=211.737;nuee=727.773	appui_arc=74;appui_nuee=7;nuee=7;appui_roulade=10;roulade=10	49.631	0.101
2026-10-01 11:14	0	6	moyen	0	assassin	3	30	179.518	2890	1455	1100	12.125	19.25	150.13	22	3	575	17	—/—/—	28	4665	1479	0	1	0	0	0	0	0	0	4	2	0	0	0	0	0	114	9	0	20	arbalete=90;dague=2800	appui_arbalete=4;arbalete=4;appui_pas_ombre=12;pas_ombre=12;appui_dague=122;deblocage=14;appui_grenade=3;grenade=3	47.928	0.111
2026-10-01 11:15	0	6	moyen	1	paladin	3	30	165.903	3293.508	2460	0	20.5	24.281	135.643	27	3	476.492	11	92/117/—	23	1770	1286	1	0	0	0	0	0	0	0	0	0	0	0	0	0	0	0	0	0	0	charge=211.495;epee=3082.013	appui_charge=7;charge=7;appui_epee=104;epee_cibles1=63;epee_vide_mort=13;epee_vide_loin=4;appui_soin=7;soin=7;epee_vide_angle=1;epee_cibles2=20;epee_cibles3=3;deblocage=1	47.829	0.108
2026-10-01 11:16	0	6	moyen	1	viking	3	30	178.854	3260	2733	0	22.775	24	135.833	28	2	510	9	65/139/—	13	354	1017.25	0	0	0	0	0	0	0	0	0	0	0	0	0	0	0	0	0	0	0	hache=1153;saut=120;tournante=1987	appui_hache=38;deblocage=2;appui_rugissement=3;rugissement=3;appui_saut=3;saut=3;appui_tournante=3;tournante=3	42.152	0.112
2026-10-01 11:17	0	6	moyen	1	mage	3	30	142.179	3370	2716.5	0	22.638	26.472	127.305	30	0	400	10	58/99/—	16	1013	515	0	0	0	0	0	0	0	0	0	0	0	116	73	4	3	0	0	0	0	boule=2075.5;brulure=777.5;grande_boule=322;cone=195	appui_boule=117;appui_grande_boule=4;grande_boule=4;appui_cone=6;cone=6	47.792	0.109
2026-10-01 11:18	0	6	moyen	1	rodeur	3	30	152.024	3317.825	2597.709	1364.57	21.648	23.814	139.324	29	1	452.174	10	57/111/—	17	1041	786	0	0	87	67	28	64	27	10	0	0	0	0	0	0	0	0	0	0	0	arc=2172.511;salve=566.998;nuee=578.317	appui_arc=86;appui_nuee=8;nuee=8;appui_roulade=13;roulade=13	48.703	0.101
2026-10-01 11:19	0	6	moyen	1	assassin	3	30	179.509	2750	1865	1170	15.542	17.783	154.645	21	3	580	15	71/—/—	25	3709	1251	0	0	0	0	0	0	0	0	2	0	0	0	0	0	0	113	7	6	21	dague=2750	appui_arbalete=2;arbalete=2;appui_pas_ombre=8;pas_ombre=8;appui_dague=120;appui_grenade=3;grenade=3;deblocage=24	48.516	0.108
2026-10-01 11:20	0	6	bon	0	paladin	3	30	179.543	3367	2448	0	20.4	26.078	129.111	27	2	438	10	160/115/67*	25	1380	1135	1	1	0	0	0	0	0	0	0	0	0	0	0	0	0	0	0	0	0	charge=89.006;epee=3277.994	appui_charge=6;charge=6;appui_epee=110;epee_vide_mort=11;epee_cibles1=65;epee_cibles2=23;appui_soin=7;soin=7;epee_vide_angle=8;epee_vide_loin=3;deblocage=1	48.323	0.101
2026-10-01 11:21	0	6	bon	0	viking	3	30	179.546	3498	2593	0	21.608	31.349	111.583	27	2	307	10	148/85/55*	24	945	713.7	0	1	0	0	0	0	0	0	0	0	0	0	0	0	0	0	0	0	0	hache=2111;saut=323;tournante=1064	appui_hache=47;appui_rugissement=7;rugissement=7;appui_saut=8;saut=8;appui_tournante=4;tournante=4;deblocage=5	42.357	0.114
2026-10-01 11:22	0	6	bon	0	mage	3	30	179.529	3497	3182	0	26.517	36.781	95.077	26	3	308	6	94/57/46*	14	412	246	0	1	0	0	0	0	0	0	0	0	0	89	62	7	5	0	0	0	0	boule=1901;brulure=804;grande_boule=750;cone=42	appui_boule=89;appui_grande_boule=7;grande_boule=7;appui_mur=1;mur=1;appui_cone=1;cone=1	49.291	1
2026-10-01 11:24	0	6	bon	0	rodeur	3	30	179.543	3481	3093.518	2182.283	25.779	30.796	113.034	28	1	324	6	96/58/54*	10	407	138	0	1	66	60	41	60	16	4	0	0	0	0	0	0	0	0	0	0	0	arc=2729.69;nuee=461.6;salve=289.71	appui_arc=66;appui_nuee=7;nuee=7;appui_roulade=12;roulade=12	50.461	0.095
2026-10-01 11:25	0	6	bon	0	assassin	3	30	179.501	3360	2680	2150	22.333	31.349	107.181	27	2	445	7	94/63/64*	24	908	435	0	1	0	0	0	0	0	0	5	3	1	0	0	0	0	102	25	1	20	arbalete=180;dague=3180	appui_arbalete=5;arbalete=5;appui_pas_ombre=19;pas_ombre=19;appui_dague=110;deblocage=4;appui_grenade=3;grenade=3	50.105	0.085
2026-10-01 11:26	0	6	bon	1	paladin	3	30	166.152	3274	2169	0	18.075	23.248	140.827	29	1	496	13	163/—/80	25	2182	1489	0	0	0	0	0	0	0	0	0	0	0	0	0	0	0	0	0	0	0	charge=119.782;epee=3154.218	appui_charge=5;charge=5;appui_epee=114;epee_cibles1=73;epee_vide_mort=12;epee_vide_angle=4;appui_soin=7;soin=7;epee_vide_loin=5;epee_cibles2=17;deblocage=1;epee_cibles3=3	46.638	0.134
2026-10-01 11:27	0	6	bon	1	viking	3	30	154.33	3364	2774	0	23.117	30.164	111.525	27	3	406	7	66/98/—	18	888	539.35	0	0	0	0	0	0	0	0	0	0	0	0	0	0	0	0	0	0	0	hache=1573;saut=461;tournante=1330	appui_hache=45;appui_rugissement=7;rugissement=7;deblocage=2;appui_saut=7;saut=7;appui_tournante=3;tournante=3	41.988	0.111
2026-10-01 11:27	0	6	bon	1	mage	3	30	135.925	3477	3099	0	25.825	31.292	111.113	29	1	293	5	53/93/—	17	561	197	0	0	0	0	0	0	0	0	0	0	0	106	73	6	5	0	0	0	0	boule=2162;brulure=778;grande_boule=537	appui_boule=107;appui_grande_boule=6;grande_boule=6;appui_mur=2;mur=2	47.982	0.099
2026-10-01 11:28	0	6	bon	1	rodeur	3	30	135.476	3350.674	2859.408	1901.955	23.828	28.002	119.657	28	2	419.325	8	51/92/—	13	550	279	0	0	69	56	33	55	19	4	0	0	0	0	0	0	0	0	0	0	0	nuee=582.315;arc=2389.301;salve=379.059	appui_arc=69;appui_nuee=8;nuee=8;appui_roulade=11;roulade=11	49.337	0.083
2026-10-01 11:29	0	6	bon	1	assassin	3	30	179.52	2890	2240	1910	18.667	18.996	152.134	25	1	540	11	65/—/—	26	3799	834	0	0	0	0	0	0	0	0	4	2	2	0	0	0	0	90	20	6	18	dague=2785;arbalete=105	appui_arbalete=4;arbalete=4;appui_pas_ombre=27;pas_ombre=27;appui_dague=96;appui_grenade=7;grenade=7;deblocage=36	48.112	0.103
2026-10-01 11:32	0	12	moyen	0	paladin	3	48	179.571	4978.929	3184.664	0	26.539	30.901	161.126	24	2	563.984	33	—/—/—/—	43	11750	3588	0	0	0	0	0	0	0	0	0	0	0	0	0	0	0	0	0	0	0	charge=104.392;epee=4874.536	appui_charge=8;charge=8;appui_epee=104;epee_cibles1=37;deblocage=17;epee_cibles2=30;appui_soin=8;soin=8;epee_vide_loin=3;epee_vide_mort=2;epee_cibles3=20;epee_cibles4=6;epee_cibles5=5;epee_cibles6=1	42.939	1
2026-10-01 11:33	0	12	moyen	0	viking	3	48	179.551	7325	4507	0	37.558	46.448	157.704	43	3	483	21	80/145/112/—	40	2755	1553.85	0	0	0	0	0	0	0	0	0	0	0	0	0	0	0	0	0	0	0	hache=1744;tournante=5311;saut=270	appui_hache=46;appui_rugissement=7;rugissement=7;appui_tournante=8;tournante=9;appui_saut=4;saut=4;deblocage=1	39.265	0.127
2026-10-01 11:34	0	12	moyen	0	mage	3	48	163.073	7340	5111.5	0	42.596	49.499	148.285	48	0	520	20	139/120/95/—	31	2308	2390	0	0	0	0	0	0	0	0	0	0	0	98	71	8	6	0	0	0	0	boule=2741;brulure=2375.5;grande_boule=1228.5;cone=995	appui_boule=100;appui_grande_boule=8;grande_boule=8;appui_mur=5;mur=5;appui_cone=25;cone=25;deblocage=1	44.575	0.123
2026-10-01 11:35	0	12	moyen	0	rodeur	3	48	179.504	5975.54	3474.177	1848.021	28.951	35.692	167.419	33	2	476.621	28	127/—/—/—	32	6605	4554	1	0	131	110	42	82	53	13	0	0	0	0	0	0	0	0	0	0	0	arc=3022.081;salve=1034.953;nuee=1918.507	appui_arc=124;appui_roulade=18;roulade=18;appui_nuee=11;nuee=11;deblocage=2	45.425	0.132
2026-10-01 11:36	0	12	moyen	0	assassin	3	48	179.558	1829	1829	824	15.242	11.351	161.126	9	4	503	36	—/—/—/—	41	12894	4590	0	0	0	0	0	0	0	0	1	1	0	0	0	0	0	67	5	5	9	arbalete=45;dague=1784	appui_arbalete=1;arbalete=1;appui_pas_ombre=3;pas_ombre=3;appui_dague=144;deblocage=10;appui_grenade=6;grenade=6	44.81	0.134
2026-10-01 11:37	0	12	moyen	1	paladin	3	48	179.518	5384	3191	0	26.592	35.155	153.15	26	3	539	33	—/—/—/—	42	8210	5186	1	1	0	0	0	0	0	0	0	0	0	0	0	0	0	0	0	0	0	charge=29.858;epee=5354.142	appui_charge=7;charge=7;appui_epee=102;epee_cibles1=25;epee_vide_mort=2;deblocage=16;appui_soin=7;soin=7;epee_cibles2=22;epee_cibles3=23;epee_vide_loin=3;epee_cibles4=16;epee_cibles5=3;epee_cibles6=1;epee_cibles7=3;epee_vide_autre=1	39.231	1
2026-10-01 11:38	0	12	moyen	1	viking	3	48	179.567	6507	3776	0	31.467	42.63	152.64	34	3	508	32	137/124/—/—	42	5974	3356.755	0	1	0	0	0	0	0	0	0	0	0	0	0	0	0	0	0	0	0	hache=496;tournante=100;saut=5911	appui_hache=20;appui_rugissement=35;rugissement=11;appui_tournante=214;tournante=1;appui_saut=16;deblocage=30;saut=14	36.354	0.27
2026-10-01 11:39	0	12	moyen	1	mage	3	48	179.516	7482	5264	0	43.867	60.285	124.11	44	3	420	17	81/103/77/55*	32	2253	1510	1	1	0	0	0	0	0	0	0	0	0	85	70	8	8	0	0	0	0	boule=2628.5;brulure=2162;cone=948.5;grande_boule=1743	appui_boule=85;appui_cone=16;cone=16;appui_grande_boule=8;grande_boule=8;appui_mur=2;mur=2	46.976	0.145
2026-10-01 11:40	0	12	moyen	1	rodeur	3	48	179.543	6656.663	3844.499	2401.866	32.037	39.949	166.628	36	1	570	26	—/—/—/—	35	6079	4354	1	1	121	103	49	86	60	22	0	0	0	0	0	0	0	0	0	0	0	arc=2964.482;salve=1353.703;nuee=2338.477	appui_arc=117;appui_nuee=12;nuee=12;appui_roulade=18;roulade=18	42.487	1
2026-10-01 11:41	0	12	moyen	1	assassin	3	48	179.548	2543	1861	1528	15.508	16.626	152.955	14	1	599	37	—/—/—/—	40	11341	5791	0	0	0	0	0	0	0	0	3	3	0	0	0	0	0	76	19	0	13	arbalete=135;dague=2408	appui_arbalete=3;arbalete=3;appui_dague=113;appui_pas_ombre=7;pas_ombre=7;deblocage=23;appui_grenade=3;grenade=3	43.576	0.124
2026-10-01 11:42	0	12	bon	0	paladin	3	48	179.535	4198.193	3835.194	0	31.96	26.055	161.13	17	6	494.806	27	—/—/—/—	43	11036	2647	0	0	0	0	0	0	0	0	0	0	0	0	0	0	0	0	0	0	0	charge=29.194;epee=4169	appui_charge=2;charge=2;appui_epee=98;epee_cibles1=39;epee_vide_angle=4;deblocage=60;epee_vide_loin=2;appui_soin=8;soin=8;epee_cibles2=27;epee_cibles3=12;epee_cibles4=9;epee_cibles5=2;epee_vide_mort=2	44.615	0.129
2026-10-01 11:44	0	12	bon	0	viking	3	48	179.511	7324	5148	0	42.9	54.943	133.303	44	3	492	17	79/110/103/—	32	1754	1201.65	0	0	0	0	0	0	0	0	0	0	0	0	0	0	0	0	0	0	0	tournante=6070;hache=984;saut=270	appui_hache=32;appui_rugissement=7;rugissement=7;appui_tournante=5;tournante=6;appui_saut=4;saut=4;deblocage=3	41.279	0.118
2026-10-01 11:45	0	12	bon	0	mage	3	48	150.318	7404	5468	0	45.567	54.658	135.462	47	1	456	18	89/82/75/—	25	1774	1682	0	0	0	0	0	0	0	0	0	0	0	100	86	9	8	0	0	0	0	grande_boule=1281;brulure=1990.5;boule=3312;cone=820.5	appui_grande_boule=9;grande_boule=9;appui_boule=101;appui_mur=5;mur=5;appui_cone=18;cone=18	46.062	0.115
2026-10-01 11:46	0	12	bon	0	rodeur	3	48	179.518	6921.82	4205.698	2134.193	35.047	41.359	167.361	39	2	566.606	26	123/—/—/—	32	4322	3848	1	0	139	118	45	93	60	15	0	0	0	0	0	0	0	0	0	0	0	arc=3276.691;salve=1218.855;nuee=2426.275	appui_arc=138;appui_nuee=13;nuee=13;appui_roulade=19;roulade=19	45.606	0.483
2026-10-01 11:47	0	12	bon	0	assassin	3	48	179.548	4514	3000	3489	25	28.013	161.141	26	0	600	29	—/—/—/—	45	9626	2303	1	0	0	0	0	0	0	0	1	1	0	0	0	0	0	122	43	6	26	arbalete=45;dague=4469	appui_arbalete=1;arbalete=1;appui_pas_ombre=23;pas_ombre=23;appui_dague=128;appui_grenade=8;grenade=8;deblocage=26	45.164	0.143
2026-10-01 11:48	0	12	bon	1	paladin	3	48	179.546	6618	3884	0	32.367	43.345	152.682	36	2	540	24	—/—/—/—	42	6123	4482	1	1	0	0	0	0	0	0	0	0	0	0	0	0	0	0	0	0	0	charge=31.507;epee=6586.493	appui_charge=3;charge=3;appui_epee=143;epee_cibles1=49;epee_vide_mort=4;epee_cibles2=48;appui_soin=7;soin=7;deblocage=2;epee_cibles3=25;epee_vide_loin=5;epee_cibles4=10;epee_cibles5=2	42.607	0.159
2026-10-01 11:49	0	12	bon	1	viking	3	48	179.557	7463	5246	0	43.717	57.673	129.401	43	4	439	18	83/122/109/59*	37	2679	1234.3	0	1	0	0	0	0	0	0	0	0	0	0	0	0	0	0	0	0	0	hache=925;saut=397;tournante=6141	appui_hache=25;appui_rugissement=6;rugissement=6;appui_saut=7;saut=7;appui_tournante=5;tournante=8;deblocage=3	40.667	0.134
2026-10-01 11:50	0	12	bon	1	mage	3	48	179.547	7406.5	5161	0	43.008	54.243	136.544	46	1	495.5	16	67/82/97/66*	29	2466	2289	0	1	0	0	0	0	0	0	0	0	0	72	60	6	5	0	0	0	0	boule=2586.5;brulure=2493;grande_boule=616;cone=1711	appui_boule=72;appui_grande_boule=6;grande_boule=6;appui_mur=6;mur=6;appui_cone=63;cone=63	46.551	0.122
2026-10-01 11:51	0	12	bon	1	rodeur	3	48	179.509	7130.985	3867.325	2904.546	32.228	42.798	166.619	38	3	534.812	27	—/—/—/—	24	5517	3806	0	1	136	113	64	89	60	14	0	0	0	0	0	0	0	0	0	0	0	arc=3601.613;nuee=2297.646;salve=1231.727	appui_arc=135;appui_nuee=13;nuee=12;appui_roulade=18;roulade=18	45.691	0.135
2026-10-01 11:52	0	12	bon	1	assassin	3	48	179.504	1974	1394	1299	11.617	12.917	152.823	12	0	600	41	—/—/—/—	46	15297	3491	0	1	0	0	0	0	0	0	3	3	0	0	0	0	0	55	15	1	12	arbalete=135;dague=1839	appui_arbalete=3;arbalete=3;appui_pas_ombre=21;pas_ombre=21;appui_dague=58;appui_grenade=7;grenade=7;deblocage=35	43.086	0.141
2026-10-01 11:55	0	12	moyen	1	viking	3	48	179.504	7490	5226	0	43.55	56.527	132.504	45	2	412	19	148/132/96/60*	39	1805	1869.151	0	1	0	0	0	0	0	0	0	0	0	0	0	0	0	0	0	0	0	hache=1084;saut=468;tournante=5938	appui_hache=29;appui_rugissement=8;rugissement=8;appui_saut=7;saut=7;appui_tournante=5;tournante=5	39.308	1
2026-10-01 12:07	1	0	moyen	0	paladin	3	0	60.012	1323	1323	0	22.045	22.045	60.012	0	0	0	0	-	1	14	336	0	0	0	0	0	0	0	0	0	0	0	0	0	0	0	0	0	0	0	epee=1323	appui_epee=55;epee_cibles1=49;appui_soin=3;soin=3;epee_vide_loin=5	55.829	1
2026-10-01 12:07	1	0	moyen	0	viking	3	0	60.049	1558	1558	0	25.945	25.945	60.049	0	0	0	0	-	1	14	350	0	0	0	0	0	0	0	0	0	0	0	0	0	0	0	0	0	0	0	hache=1558	appui_hache=45	54.006	0.073
2026-10-01 12:07	1	0	moyen	0	mage	3	0	60.006	2261	2261	0	37.68	37.68	60.006	0	0	0	0	-	1	84	294	1	0	0	0	0	0	0	0	0	0	0	64	64	0	0	0	0	0	0	boule=1575;brulure=686	appui_boule=64	54.295	0.081
2026-10-01 12:08	1	0	moyen	0	rodeur	3	0	60.031	1774.938	1774.938	546.625	29.567	29.567	60.031	0	0	0	0	-	1	28	294	0	0	48	47	12	35	10	0	0	0	0	0	0	0	0	0	0	0	0	salve=180;nuee=280;arc=1314.938	appui_roulade=7;roulade=7;appui_nuee=5;nuee=5;appui_arc=48	55.521	0.07
2026-10-01 12:08	1	0	moyen	0	assassin	3	0	60.028	1540	1540	160	25.655	25.655	60.028	0	0	0	0	-	1	14	364	0	0	0	0	0	0	0	0	0	0	0	0	0	0	0	71	2	1	0	dague=1540	appui_dague=74	64.719	0.062
2026-10-01 12:08	1	0	moyen	1	paladin	3	0	60.032	1431	1431	0	23.837	23.837	60.032	0	0	0	0	-	1	14	350	0	0	0	0	0	0	0	0	0	0	0	0	0	0	0	0	0	0	0	epee=1431	appui_epee=55;epee_cibles1=52;epee_vide_loin=2;appui_soin=3;soin=3	64.616	0.056
2026-10-01 12:09	1	0	moyen	1	viking	3	0	60.03	1596	1596	0	26.587	26.587	60.03	0	0	0	0	-	1	56	322	0	0	0	0	0	0	0	0	0	0	0	0	0	0	0	0	0	0	0	hache=1596	appui_hache=44	47.876	0.08
2026-10-01 12:09	1	0	moyen	1	mage	3	0	60.011	2216	2216	0	36.927	36.927	60.011	0	0	0	0	-	1	28	336	0	0	0	0	0	0	0	0	0	0	0	63	59	0	0	0	0	0	0	boule=1535;brulure=681	appui_boule=64	60.989	0.062
2026-10-01 12:10	1	0	moyen	1	rodeur	3	0	60.027	1860.375	1860.375	1080.5	30.992	30.992	60.027	0	0	0	0	-	1	28	280	0	0	48	42	22	34	11	5	0	0	0	0	0	0	0	0	0	0	0	salve=275.938;nuee=210;arc=1374.438	appui_roulade=7;roulade=7;appui_nuee=5;nuee=5;appui_arc=48	59.423	0.063
2026-10-01 12:10	1	0	moyen	1	assassin	3	0	60.034	1620	1620	280	26.985	26.985	60.034	0	0	0	0	-	1	28	350	0	0	0	0	0	0	0	0	0	0	0	0	0	0	0	71	4	1	0	dague=1620	appui_dague=74	63.364	0.062
2026-10-01 12:10	1	0	bon	0	paladin	3	0	60.031	1593	1593	0	26.536	26.536	60.031	0	0	0	0	-	1	28	350	0	0	0	0	0	0	0	0	0	0	0	0	0	0	0	0	0	0	0	epee=1593	appui_epee=62;epee_cibles1=59;appui_soin=3;soin=3;epee_vide_loin=2	63.318	0.057
2026-10-01 12:11	1	0	bon	0	viking	3	0	60.011	1710	1710	0	28.495	28.495	60.011	0	0	0	0	-	1	70	294	0	0	0	0	0	0	0	0	0	0	0	0	0	0	0	0	0	0	0	hache=1710	appui_hache=49	49.141	0.07
2026-10-01 12:11	1	0	bon	0	mage	3	0	60.013	2245	2245	0	37.408	37.408	60.013	0	0	0	0	-	1	14	350	0	0	0	0	0	0	0	0	0	0	0	64	60	0	0	0	0	0	0	boule=1560;brulure=685	appui_boule=64	55.388	0.064
2026-10-01 12:12	1	0	bon	0	rodeur	3	0	60.031	1786.438	1786.438	417.125	29.758	29.758	60.031	0	0	0	0	-	1	28	294	0	0	52	46	7	35	14	0	0	0	0	0	0	0	0	0	0	0	0	salve=252;nuee=210;arc=1324.438	appui_roulade=7;roulade=7;appui_nuee=5;nuee=5;appui_arc=52	56.67	0.062
2026-10-01 12:12	1	0	bon	0	assassin	3	0	60.016	2180	2180	700	36.323	36.323	60.016	0	0	0	0	-	1	70	308	0	0	0	0	0	0	0	0	0	0	0	0	0	0	0	85	11	1	0	dague=2180	appui_dague=85;deblocage=4;appui_pas_ombre=2;pas_ombre=1	60.183	0.07
2026-10-01 12:12	1	0	bon	1	paladin	3	0	60.04	1593	1593	0	26.532	26.532	60.04	0	0	0	0	-	1	28	350	0	0	0	0	0	0	0	0	0	0	0	0	0	0	0	0	0	0	0	epee=1593	appui_epee=61;epee_cibles1=59;appui_soin=3;soin=3;epee_vide_loin=2	63.808	0.064
2026-10-01 12:13	1	0	bon	1	viking	3	0	60.049	1786	1786	0	29.742	29.743	60.049	0	0	0	0	-	1	28	336	0	0	0	0	0	0	0	0	0	0	0	0	0	0	0	0	0	0	0	hache=1786	appui_hache=49	50.859	0.075
2026-10-01 12:13	1	0	bon	1	mage	3	0	60.011	2241	2241	0	37.343	37.343	60.011	0	0	0	0	-	1	28	336	0	0	0	0	0	0	0	0	0	0	0	64	60	0	0	0	0	0	0	boule=1560;brulure=681	appui_boule=64	58.19	0.063
2026-10-01 12:13	1	0	bon	1	rodeur	3	0	60.004	2448.875	2448.875	1368.938	40.812	40.812	60.004	0	0	0	0	-	1	28	266	0	0	50	49	30	35	16	0	0	0	0	0	0	0	0	0	0	0	0	salve=288;nuee=350;arc=1810.875	appui_roulade=7;roulade=7;appui_nuee=5;nuee=5;appui_arc=51	61.496	0.069
2026-10-01 12:14	1	0	bon	1	assassin	3	0	60.041	1680	1680	100	27.981	27.981	60.041	0	0	0	0	-	1	14	350	0	0	0	0	0	0	0	0	0	0	0	0	0	0	0	80	1	1	0	dague=1680	appui_dague=83;appui_pas_ombre=2;pas_ombre=2;deblocage=4	62.908	0.066
2026-10-01 12:17	0	6	bon	0	rodeur	1	30	179.514	3427.689	3041.753	1998.657	25.348	31.871	107.55	26	3	377.311	5	91/53/47*	7	204	412	0	1	80	64	42	50	14	2	0	0	0	0	0	0	0	0	0	0	0	arc=2588.98;nuee=589;salve=249.709	appui_arc=80;appui_nuee=8;nuee=8;appui_roulade=10;roulade=10	52.38	0.036
2026-10-01 12:20	0	6	bon	0	viking	1	30	179.51	3447	3130	0	26.083	37.21	92.636	26	3	358	5	108/64/48*	23	588	558.7	0	1	0	0	0	0	0	0	0	0	0	0	0	0	0	0	0	0	0	hache=1811;tournante=1154;saut=482	appui_hache=46;appui_rugissement=7;rugissement=7;appui_tournante=4;tournante=4;appui_saut=6;saut=6	44.348	0.131
2026-10-01 12:23	0	6	bon	0	mage	1	30	179.515	3429	2975	0	24.792	32.053	106.979	27	2	376	8	95/58/50*	10	501	548	1	1	0	0	0	0	0	0	0	0	0	106	76	5	4	0	0	0	0	boule=2135.5;brulure=763.5;grande_boule=398;cone=132	appui_boule=106;appui_grande_boule=5;grande_boule=5;appui_mur=1;mur=1;appui_cone=5;cone=5	51.455	0.042
2026-10-01 12:27	0	6	bon	0	paladin	1	30	179.516	3346	2499	0	20.825	26.98	124.02	27	2	459	11	153/116/66*	24	1826	1070	1	1	0	0	0	0	0	0	0	0	0	0	0	0	0	0	0	0	0	charge=196.309;epee=3149.691	appui_charge=6;charge=6;appui_epee=107;epee_vide_mort=20;epee_cibles2=16;epee_cibles1=66;appui_soin=6;soin=6;epee_cibles3=1;epee_vide_angle=3;deblocage=5;epee_vide_loin=1	49.728	0.041
2026-10-01 12:30	0	6	bon	0	assassin	1	30	179.502	3365	2725	2115	22.708	28.75	117.045	26	3	440	6	96/61/59*	22	1342	390	2	1	0	0	0	0	0	0	4	3	1	0	0	0	0	105	23	3	21	arbalete=180;dague=3185	appui_arbalete=4;arbalete=4;appui_pas_ombre=21;pas_ombre=21;appui_dague=115;appui_grenade=5;grenade=5;deblocage=9	51.626	0.037
